﻿<?xml version="1.0" encoding="utf-8" ?>
<CommandBarControls xmlns="urn:abb-robotics-robotstudio-commandbarcontrols"
                    xmlns:xsi="http://www.w3.org/2001/XMLSchema-instance"
                    xsi:schemaLocation="urn:abb-robotics-robotstudio-commandbarcontrols file:///C:\Program%20Files%20(x86)\ABB\SDK\RobotStudio%20$rsver$%20SDK\CommandBarControls.xsd">

  <!-- Controls defined by this add-in -->
  
  <!-- The 'Start' button has defaultEnabled set to true which means it will be enabled even before the add-in is loaded. -->
  <!-- When it is clicked the add-in will be loaded and the ExecuteCommand handler will be called. -->
  <CommandBarButton id="$safeprojectname$.StartButton" caption="Show $projectname$" defaultEnabled="true"/>
  <CommandBarButton id="$safeprojectname$.CloseButton" caption="Close"/>

  <CommandBarButton id="$safeprojectname$.Button1" caption="Button 1"/>
  <CommandBarButton id="$safeprojectname$.Button2" caption="Button 2"/>
  <CommandBarButton id="$safeprojectname$.GalleryButton1" caption="Gallery Button 1" defaultEnabled="true"/>

  <CommandBarButton id="$safeprojectname$.ShowWinForm" caption="Windows Forms sample"/>
  <CommandBarButton id="$safeprojectname$.ShowWPF" caption="WPF sample"/>

  <CommandBarComboBox id="$safeprojectname$.ComboBox1" caption="Select: ">
    <Items>
      <Item tag="1" caption="Item 1"/>
      <Item tag="2" caption="Item 2"/>
      <Item tag="3" caption="Item 3"/>
    </Items>
  </CommandBarComboBox>
  
  <CommandBarPopup id="$safeprojectname$.Menu1" caption="Sample Menu">
    <Controls>
      <Header caption="Header"/>
      <Control id="$safeprojectname$.Button1"/>
      <Separator/>
      <Control id="$safeprojectname$.Button2"/>
    </Controls>
  </CommandBarPopup>

  <CommandBarGalleryPopup id="$safeprojectname$.Gallery1" caption="Sample Gallery" textPos="Right" imageId="$safeprojectname$.Button2">
    <GalleryControls>
      <Header caption="Header 1"/>
      <Control id="$safeprojectname$.GalleryButton1"/>
      <Header caption="Header 2"/>
    </GalleryControls>
    <Controls>
      <Control id="$safeprojectname$.Button1"/>
    </Controls>
  </CommandBarGalleryPopup>

</CommandBarControls>