﻿<?xml version="1.0" encoding="utf-8"?>
<Controls xmlns="urn:abb-robotics-robotstudio-controlhelptexts"
          xmlns:xsi="http://www.w3.org/2001/XMLSchema-instance"
          xsi:schemaLocation="urn:abb-robotics-robotstudio-controlhelptexts file:///C:\Program%20Files%20(x86)\ABB\SDK\RobotStudio%20$rsver$%20SDK\ControlHelpTexts.xsd">
  
  <!-- Help texts for controls specified in CommandBarControls.xml -->
  
  <Control id="$safeprojectname$.StartButton">For loading $projectname$</Control>
  <Control id="$safeprojectname$.CloseButton">Close the ribbon tab</Control>
  <Control id="$safeprojectname$.Button1">Button1 help text</Control>
  <Control id="$safeprojectname$.Button2">Button2 help text</Control>

  <Control id="$safeprojectname$.ShowWinForm">Show a sample Windows Forms window</Control>
  <Control id="$safeprojectname$.ShowWPF">Show a sample WPF window</Control>

  <Control id="$safeprojectname$.GalleryButton1">Lorem ipsum dolor sit amet, consectetur adipisicing elit, sed do eiusmod tempor incididunt ut labore et dolore magna aliqua.</Control>
  
</Controls>
