﻿<?xml version="1.0" encoding="utf-8" ?>
<Ribbon xmlns="urn:abb-robotics-robotstudio-ribbon"
        xmlns:xsi="http://www.w3.org/2001/XMLSchema-instance"
        xsi:schemaLocation="urn:abb-robotics-ribbon file:///C:\Program%20Files%20(x86)\ABB\SDK\RobotStudio%20$rsver$%20SDK\Ribbon.xsd">

  <Tabs>
    <!-- Add a button to an existing ribbon tab -->
    <Tab id="AddIns">
      <!-- It is possible to add a button to an existing group, but note that standard groups may change -->
      <!-- In this sample we create a new group -->
      <Group id="$safeprojectname$" caption="$projectname$">
        <Control id="$safeprojectname$.StartButton" layout="Large"/>
      </Group>
    </Tab>
    <!-- Create a new ribbon tab -->
    <Tab id="$safeprojectname$.Tab1" caption="$projectname$" visible="false">
      <Group id="Group1" caption="Group 1">
        <Control id="$safeprojectname$.Button1" layout="Large"/>
        <Control id="$safeprojectname$.Gallery1" layout="Large"/>
      </Group>
      <Group id="Group2" caption="Group 2">
        <Control id="$safeprojectname$.ComboBox1" layout="Small"/>
        <Control id="$safeprojectname$.Menu1" layout="Small"/>
      </Group>
      <Group id="Group3" caption="Group 3">
        <Control id="$safeprojectname$.ShowWinForm" layout="Small"/>
        <Control id="$safeprojectname$.ShowWPF" layout="Small"/>
      </Group>
      <Group id="Group4" caption="Group 4">
        <Control id="$safeprojectname$.CloseButton" layout="Large"/>
      </Group>
    </Tab>
  </Tabs>
</Ribbon>