﻿<?xml version="1.0" encoding="utf-8" ?>
<lc:LibraryCompiler xmlns:lc="urn:abb-robotics-robotstudio-librarycompiler"
										xmlns="urn:abb-robotics-robotstudio-graphiccomponent"
                    xmlns:xsi="http://www.w3.org/2001/XMLSchema-instance"
                    xsi:schemaLocation="urn:abb-robotics-robotstudio-librarycompiler file:///C:\Program%20Files%20(x86)\ABB\SDK\RobotStudio%20$rsver$%20SDK\LibraryCompilerSchema.xsd
                                        urn:abb-robotics-robotstudio-graphiccomponent file:///C:\Program%20Files%20(x86)\ABB\SDK\RobotStudio%20$rsver$%20SDK\GraphicComponentSchema.xsd">
	<lc:Library fileName="$safeprojectname$.rslib">
		<lc:DocumentProperties>
			<lc:Author>$username$</lc:Author>
			<lc:Image source="$safeprojectname$.png"/>
		</lc:DocumentProperties>
		<SmartComponent name="$safeprojectname$" icon="$safeprojectname$.png"
										codeBehind="$safeprojectname$.CodeBehind,$safeprojectname$.dll"
										canBeSimulated="false">
			<Properties>
				<DynamicProperty name="SampleProperty" valueType="System.Double" value="10">
					<Attribute key="MinValue" value="0"/>
					<Attribute key="Quantity" value="Length"/>
				</DynamicProperty>
			</Properties>
			<Bindings>
			</Bindings>
			<Signals>
				<IOSignal name="SampleSignal" signalType="DigitalInput"/>
			</Signals>
			<GraphicComponents>
			</GraphicComponents>
			<Assets>
				<Asset source="$safeprojectname$.dll"/>
			</Assets>
		</SmartComponent>
	</lc:Library>
</lc:LibraryCompiler>